{"cameraMode":{"drawMode":0,"name":"Shaded","section":"Shading Mode"},"sceneLighting":true,"audioPlay":false,"sceneViewState":{"m_AlwaysRefresh":false,"showFog":true,"showSkybox":true,"showFlares":true,"showImageEffects":true,"showParticleSystems":true,"showVisualEffectGraphs":true,"m_FxEnabled":true},"in2DMode":false,"pivot":{"x":-1.8900765180587769,"y":0.6441406607627869,"z":-0.9499937891960144},"rotation":{"x":-0.34506431221961977,"y":0.09745518863201142,"z":-0.03605056181550026,"w":-0.932807445526123},"size":9.442167282104493,"orthographic":false}